Distance_(pixels),Gray_Value
0.0000E0,2.6667E0
1.0000E0,4.3419E0
2.0000E0,5.3632E0
3.0000E0,1.0311E1
4.0000E0,7.3205E0
5.0000E0,3.6507E0
6.0000E0,3.6667E0
7.0000E0,4.3040E-1
8.0000E0,4.3163E0
9.0000E0,4.6379E0
1.0000E1,3.6453E0
1.1000E1,9.7653E-1
1.2000E1,1.5360E-1
1.3000E1,6.3893E-1
1.4000E1,3.6219E0
1.5000E1,6.2853E0
1.6000E1,6.3504E0
1.7000E1,4.3877E0
1.8000E1,2.3717E0
1.9000E1,2.7072E0
2.0000E1,4.5387E0
2.1000E1,3.6891E0
2.2000E1,3.8309E0
2.3000E1,6.8139E0
2.4000E1,6.8715E0
2.5000E1,6.3067E0
2.6000E1,3.6389E0
2.7000E1,3.3045E0
2.8000E1,2.7861E0
2.9000E1,3.9381E0
3.0000E1,3.3653E0
3.1000E1,3.3664E0
3.2000E1,5.6667E0
3.3000E1,5.5963E0
3.4000E1,5.6667E0
3.5000E1,6.0000E0
3.6000E1,5.6021E0
3.7000E1,8.6272E0
3.8000E1,9.2523E0
3.9000E1,7.0411E0
4.0000E1,5.4960E0
4.1000E1,6.0000E0
4.2000E1,6.1989E0
4.3000E1,8.4251E0
4.4000E1,8.3803E0
4.5000E1,8.7147E0
4.6000E1,5.3824E0
4.7000E1,2.7520E0
4.8000E1,5.7691E0
4.9000E1,6.2091E0
5.0000E1,5.5600E0
5.1000E1,3.3333E0
5.2000E1,3.8891E0
5.3000E1,2.3333E0
5.4000E1,4.2757E0
5.5000E1,6.1173E0
5.6000E1,5.5723E0
5.7000E1,4.1824E0
5.8000E1,4.0379E0
5.9000E1,3.2075E0
6.0000E1,3.4613E0
6.1000E1,6.0000E0
6.2000E1,6.4021E0
6.3000E1,5.9381E0
6.4000E1,3.5984E0
6.5000E1,6.5280E0
6.6000E1,5.6149E0
6.7000E1,6.5952E0
6.8000E1,5.6667E0
6.9000E1,5.8139E0
7.0000E1,5.1493E0
7.1000E1,7.3787E0
7.2000E1,8.2565E0
7.3000E1,8.8005E0
7.4000E1,5.5088E0
7.5000E1,3.3867E0
7.6000E1,5.9008E0
7.7000E1,5.9952E0
7.8000E1,7.2507E0
7.9000E1,7.1685E0
8.0000E1,7.1627E0
8.1000E1,7.7408E0
8.2000E1,8.6336E0
8.3000E1,7.7136E0
8.4000E1,6.6667E0
8.5000E1,6.2427E0
8.6000E1,5.4587E0
8.7000E1,8.7216E0
8.8000E1,9.3008E0
8.9000E1,1.0764E1
9.0000E1,7.3787E0
9.1000E1,6.2491E0
9.2000E1,5.4907E0
9.3000E1,5.5675E0
9.4000E1,7.6667E0
9.5000E1,9.0000E0
9.6000E1,1.1359E1
9.7000E1,1.1149E1
9.8000E1,9.2288E0
9.9000E1,8.8779E0
1.0000E2,8.6667E0
1.0100E2,8.0304E0
1.0200E2,8.1296E0
1.0300E2,8.0075E0
1.0400E2,6.3323E0
1.0500E2,3.3387E0
1.0600E2,7.1072E0
1.0700E2,7.7899E0
1.0800E2,6.2181E0
1.0900E2,6.8293E0
1.1000E2,9.4507E0
1.1100E2,5.1184E0
1.1200E2,2.8805E0
1.1300E2,2.1205E0
1.1400E2,3.6667E0
1.1500E2,6.2453E0
1.1600E2,6.7424E0
1.1700E2,5.5829E0
1.1800E2,8.1189E0
1.1900E2,8.6667E0
1.2000E2,9.6933E0
1.2100E2,8.5915E0
1.2200E2,7.4795E0
1.2300E2,6.0709E0
1.2400E2,7.4549E0
1.2500E2,6.0667E0
1.2600E2,8.2688E0
1.2700E2,1.0177E1
1.2800E2,1.0454E1
1.2900E2,1.0428E1
1.3000E2,9.0827E0
1.3100E2,9.1397E0
1.3200E2,9.7557E0
1.3300E2,8.2411E0
1.3400E2,1.1000E1
1.3500E2,1.0280E1
1.3600E2,8.9136E0
1.3700E2,7.3973E0
1.3800E2,6.2555E0
1.3900E2,6.7035E0
1.4000E2,8.6667E0
1.4100E2,1.2000E1
1.4200E2,1.0091E1
1.4300E2,9.3051E0
1.4400E2,9.4869E0
1.4500E2,9.7147E0
1.4600E2,9.6229E0
1.4700E2,9.9803E0
1.4800E2,9.8069E0
1.4900E2,1.0174E1
1.5000E2,9.0000E0
1.5100E2,1.1678E1
1.5200E2,1.1333E1
1.5300E2,1.2000E1
1.5400E2,9.4976E0
1.5500E2,9.0000E0
1.5600E2,1.0167E1
1.5700E2,1.0659E1
1.5800E2,9.4869E0
1.5900E2,9.5029E0
1.6000E2,7.1307E0
1.6100E2,6.9595E0
1.6200E2,7.2843E0
1.6300E2,8.8117E0
1.6400E2,1.0175E1
1.6500E2,1.1176E1
1.6600E2,7.4896E0
1.6700E2,9.8219E0
1.6800E2,1.0617E1
1.6900E2,1.4486E1
1.7000E2,9.9120E0
1.7100E2,1.0057E1
1.7200E2,1.1899E1
1.7300E2,1.3113E1
1.7400E2,1.2000E1
1.7500E2,1.2480E1
1.7600E2,1.2521E1
1.7700E2,1.2378E1
1.7800E2,1.2093E1
1.7900E2,1.1715E1
1.8000E2,1.6728E1
1.8100E2,1.6386E1
1.8200E2,1.4861E1
1.8300E2,1.3610E1
1.8400E2,1.4274E1
1.8500E2,1.5877E1
1.8600E2,1.6397E1
1.8700E2,1.4866E1
1.8800E2,1.5331E1
1.8900E2,1.6054E1
1.9000E2,1.6451E1
1.9100E2,1.7630E1
1.9200E2,1.5562E1
1.9300E2,1.6029E1
1.9400E2,1.4839E1
1.9500E2,1.5501E1
1.9600E2,1.5712E1
1.9700E2,1.6949E1
1.9800E2,1.7211E1
1.9900E2,1.5970E1
2.0000E2,1.2333E1
2.0100E2,1.6524E1
2.0200E2,1.5118E1
2.0300E2,1.7650E1
2.0400E2,1.9088E1
2.0500E2,1.9323E1
2.0600E2,1.9886E1
2.0700E2,1.9550E1
2.0800E2,1.7222E1
2.0900E2,1.5333E1
2.1000E2,1.5557E1
2.1100E2,1.6450E1
2.1200E2,1.5893E1
2.1300E2,1.6091E1
2.1400E2,1.6192E1
2.1500E2,1.8000E1
2.1600E2,1.7490E1
2.1700E2,1.8380E1
2.1800E2,1.8403E1
2.1900E2,1.7766E1
2.2000E2,1.7888E1
2.2100E2,1.7862E1
2.2200E2,1.8237E1
2.2300E2,1.9189E1
2.2400E2,2.0145E1
2.2500E2,2.1867E1
2.2600E2,2.4333E1
2.2700E2,2.2091E1
2.2800E2,2.0577E1
2.2900E2,2.1089E1
2.3000E2,2.0949E1
2.3100E2,2.1942E1
2.3200E2,2.2192E1
2.3300E2,2.3757E1
2.3400E2,2.2585E1
2.3500E2,2.2749E1
2.3600E2,2.3415E1
2.3700E2,2.4172E1
2.3800E2,2.5746E1
2.3900E2,2.5255E1
2.4000E2,2.4309E1
2.4100E2,2.3590E1
2.4200E2,2.4258E1
2.4300E2,2.8296E1
2.4400E2,2.8530E1
2.4500E2,2.9333E1
2.4600E2,2.5284E1
2.4700E2,2.5178E1
2.4800E2,2.5000E1
2.4900E2,2.4333E1
2.5000E2,2.4867E1
2.5100E2,2.5328E1
2.5200E2,2.8258E1
2.5300E2,2.7730E1
2.5400E2,2.3979E1
2.5500E2,2.5483E1
2.5600E2,2.3454E1
2.5700E2,2.4586E1
2.5800E2,2.3841E1
2.5900E2,2.5276E1
2.6000E2,2.4445E1
2.6100E2,2.4165E1
2.6200E2,2.2044E1
2.6300E2,2.0370E1
2.6400E2,2.2184E1
2.6500E2,2.5536E1
2.6600E2,2.4617E1
2.6700E2,2.6042E1
2.6800E2,2.9288E1
2.6900E2,2.9907E1
2.7000E2,2.3152E1
2.7100E2,2.2245E1
2.7200E2,2.3537E1
2.7300E2,2.5958E1
2.7400E2,2.6543E1
2.7500E2,2.8533E1
2.7600E2,2.9528E1
2.7700E2,3.1447E1
2.7800E2,2.7037E1
2.7900E2,2.8524E1
2.8000E2,2.9368E1
2.8100E2,2.9434E1
2.8200E2,2.6797E1
2.8300E2,2.9635E1
2.8400E2,3.2181E1
2.8500E2,3.3029E1
2.8600E2,3.2689E1
2.8700E2,3.3585E1
2.8800E2,3.3797E1
2.8900E2,3.3742E1
2.9000E2,3.1811E1
2.9100E2,3.1804E1
2.9200E2,3.3667E1
2.9300E2,3.5771E1
2.9400E2,3.5667E1
2.9500E2,3.5685E1
2.9600E2,3.5649E1
2.9700E2,3.9033E1
2.9800E2,3.7938E1
2.9900E2,3.9043E1
3.0000E2,3.5667E1
3.0100E2,3.9297E1
3.0200E2,3.8378E1
3.0300E2,3.8959E1
3.0400E2,3.9585E1
3.0500E2,3.9277E1
3.0600E2,3.6021E1
3.0700E2,3.6667E1
3.0800E2,3.7010E1
3.0900E2,3.7345E1
3.1000E2,3.9659E1
3.1100E2,3.7332E1
3.1200E2,3.6332E1
3.1300E2,3.6997E1
3.1400E2,3.7000E1
3.1500E2,3.9651E1
3.1600E2,3.9330E1
3.1700E2,3.6014E1
3.1800E2,3.6339E1
3.1900E2,3.5993E1
3.2000E2,3.9008E1
3.2100E2,3.9027E1
3.2200E2,3.7000E1
3.2300E2,3.4300E1
3.2400E2,3.6297E1
3.2500E2,3.6667E1
3.2600E2,3.7261E1
3.2700E2,3.7241E1
3.2800E2,3.6983E1
3.2900E2,3.6596E1
3.3000E2,3.4037E1
3.3100E2,3.4039E1
3.3200E2,3.4687E1
3.3300E2,3.5290E1
3.3400E2,3.5713E1
3.3500E2,3.5907E1
3.3600E2,3.6326E1
3.3700E2,3.6948E1
3.3800E2,3.7000E1
3.3900E2,3.7028E1
3.4000E2,3.9755E1
3.4100E2,4.3757E1
3.4200E2,4.3113E1
3.4300E2,4.4000E1
3.4400E2,4.2832E1
3.4500E2,4.3563E1
3.4600E2,4.0774E1
3.4700E2,4.4409E1
3.4800E2,4.3076E1
3.4900E2,4.0411E1
3.5000E2,4.0333E1
3.5100E2,4.1210E1
3.5200E2,4.1621E1
3.5300E2,4.0494E1
3.5400E2,4.1490E1
3.5500E2,4.1696E1
3.5600E2,4.0473E1
3.5700E2,4.0237E1
3.5800E2,4.0958E1
3.5900E2,4.0950E1
3.6000E2,4.2616E1
3.6100E2,4.3178E1
3.6200E2,4.2667E1
3.6300E2,4.6805E1
3.6400E2,4.5286E1
3.6500E2,4.4331E1
3.6600E2,4.2000E1
3.6700E2,4.3217E1
3.6800E2,4.2333E1
3.6900E2,4.3153E1
3.7000E2,4.1939E1
3.7100E2,4.1979E1
3.7200E2,4.2143E1
3.7300E2,4.3290E1
3.7400E2,4.0858E1
3.7500E2,4.1000E1
3.7600E2,4.0474E1
3.7700E2,4.0011E1
3.7800E2,3.9473E1
3.7900E2,3.9383E1
3.8000E2,3.8072E1
3.8100E2,3.7041E1
3.8200E2,3.7482E1
3.8300E2,4.2140E1
3.8400E2,4.1076E1
3.8500E2,4.0768E1
3.8600E2,3.8784E1
3.8700E2,3.7795E1
3.8800E2,3.7000E1
3.8900E2,3.7898E1
3.9000E2,3.7243E1
3.9100E2,3.9749E1
3.9200E2,4.1000E1
3.9300E2,3.9838E1
3.9400E2,3.7913E1
3.9500E2,3.7245E1
3.9600E2,3.8066E1
3.9700E2,3.8000E1
3.9800E2,3.8516E1
3.9900E2,3.7851E1
4.0000E2,3.8333E1
4.0100E2,4.1094E1
4.0200E2,4.2144E1
4.0300E2,4.1667E1
4.0400E2,3.8764E1
4.0500E2,4.0704E1
4.0600E2,4.1268E1
4.0700E2,3.9202E1
4.0800E2,3.9861E1
4.0900E2,4.0569E1
4.1000E2,3.8875E1
4.1100E2,3.8105E1
4.1200E2,3.8546E1
4.1300E2,4.1536E1
4.1400E2,4.1000E1
4.1500E2,3.9563E1
4.1600E2,3.9554E1
4.1700E2,3.9778E1
4.1800E2,3.8000E1
4.1900E2,3.8674E1
4.2000E2,3.7147E1
4.2100E2,3.7620E1
4.2200E2,3.6134E1
4.2300E2,3.5667E1
4.2400E2,3.6238E1
4.2500E2,3.5333E1
4.2600E2,3.5454E1
4.2700E2,3.5211E1
4.2800E2,3.4000E1
4.2900E2,3.5379E1
4.3000E2,3.4832E1
4.3100E2,3.6172E1
4.3200E2,3.4226E1
4.3300E2,3.1719E1
4.3400E2,3.2074E1
4.3500E2,3.3392E1
4.3600E2,3.2930E1
4.3700E2,3.6401E1
4.3800E2,3.4598E1
4.3900E2,3.5405E1
4.4000E2,3.2667E1
4.4100E2,3.2589E1
4.4200E2,2.9772E1
4.4300E2,3.0363E1
4.4400E2,2.8508E1
4.4500E2,2.8888E1
4.4600E2,2.8799E1
4.4700E2,2.7578E1
4.4800E2,2.6000E1
4.4900E2,2.6625E1
4.5000E2,2.5880E1
4.5100E2,2.8849E1
4.5200E2,2.6923E1
4.5300E2,2.5850E1
4.5400E2,2.4572E1
4.5500E2,2.4971E1
4.5600E2,2.5180E1
4.5700E2,2.4254E1
4.5800E2,2.4466E1
4.5900E2,2.5021E1
4.6000E2,2.5667E1
4.6100E2,2.7617E1
4.6200E2,2.5305E1
4.6300E2,2.6457E1
4.6400E2,2.2949E1
4.6500E2,2.5723E1
4.6600E2,2.8012E1
4.6700E2,2.6506E1
4.6800E2,2.5998E1
4.6900E2,2.7000E1
4.7000E2,2.6331E1
4.7100E2,2.6488E1
4.7200E2,2.9639E1
4.7300E2,2.9135E1
4.7400E2,2.7494E1
4.7500E2,3.0653E1
4.7600E2,3.1159E1
4.7700E2,3.0018E1
4.7800E2,3.1333E1
4.7900E2,2.8978E1
4.8000E2,3.0155E1
4.8100E2,3.1513E1
4.8200E2,3.1667E1
4.8300E2,3.1182E1
4.8400E2,3.4581E1
4.8500E2,3.4011E1
4.8600E2,3.4778E1
4.8700E2,3.2667E1
4.8800E2,3.2269E1
4.8900E2,3.3420E1
4.9000E2,3.2909E1
4.9100E2,3.7667E1
4.9200E2,3.4901E1
4.9300E2,3.6770E1
4.9400E2,3.6806E1
4.9500E2,3.5056E1
4.9600E2,3.5609E1
4.9700E2,3.7635E1
4.9800E2,3.8854E1
4.9900E2,4.0473E1
5.0000E2,3.9267E1
5.0100E2,4.0397E1
5.0200E2,4.1000E1
5.0300E2,4.0447E1
5.0400E2,4.1484E1
5.0500E2,4.0051E1
5.0600E2,3.8540E1
5.0700E2,3.7837E1
5.0800E2,3.8333E1
5.0900E2,4.0801E1
5.1000E2,4.1211E1
5.1100E2,4.0000E1
5.1200E2,4.0369E1
5.1300E2,4.0044E1
5.1400E2,3.9934E1
5.1500E2,4.1611E1
5.1600E2,4.0798E1
5.1700E2,3.9346E1
5.1800E2,3.6324E1
5.1900E2,3.6107E1
5.2000E2,3.8213E1
5.2100E2,3.8002E1
5.2200E2,3.8235E1
5.2300E2,3.8130E1
5.2400E2,3.5882E1
5.2500E2,3.5320E1
5.2600E2,3.5545E1
5.2700E2,3.5065E1
5.2800E2,3.5540E1
5.2900E2,3.8281E1
5.3000E2,3.8899E1
5.3100E2,3.9133E1
5.3200E2,3.8143E1
5.3300E2,3.6098E1
5.3400E2,3.6430E1
5.3500E2,3.8909E1
5.3600E2,3.8567E1
5.3700E2,3.8239E1
5.3800E2,3.8093E1
5.3900E2,3.8092E1
5.4000E2,3.8333E1
5.4100E2,3.9333E1
5.4200E2,4.4469E1
5.4300E2,4.2650E1
5.4400E2,4.0494E1
5.4500E2,4.3573E1
5.4600E2,3.8418E1
5.4700E2,3.6583E1
5.4800E2,3.6502E1
5.4900E2,3.8405E1
5.5000E2,3.8240E1
5.5100E2,3.9728E1
5.5200E2,4.1455E1
5.5300E2,4.2000E1
5.5400E2,3.7909E1
5.5500E2,3.7960E1
5.5600E2,3.8485E1
5.5700E2,4.0522E1
5.5800E2,4.1595E1
5.5900E2,4.2315E1
5.6000E2,4.1459E1
5.6100E2,4.2257E1
5.6200E2,4.1067E1
5.6300E2,4.1466E1
5.6400E2,4.1797E1
5.6500E2,4.4552E1
5.6600E2,4.2270E1
5.6700E2,4.3285E1
5.6800E2,4.7757E1
5.6900E2,4.6796E1
5.7000E2,4.2941E1
5.7100E2,4.0782E1
5.7200E2,4.2610E1
5.7300E2,4.1778E1
5.7400E2,4.2116E1
5.7500E2,4.4133E1
5.7600E2,4.5321E1
5.7700E2,4.3873E1
5.7800E2,4.0516E1
5.7900E2,3.8853E1
5.8000E2,3.7475E1
5.8100E2,3.7765E1
5.8200E2,3.8587E1
5.8300E2,3.5731E1
5.8400E2,3.6492E1
5.8500E2,3.4787E1
5.8600E2,3.4250E1
5.8700E2,3.2464E1
5.8800E2,3.3333E1
5.8900E2,3.1743E1
5.9000E2,3.0149E1
5.9100E2,2.9406E1
5.9200E2,2.9580E1
5.9300E2,2.9205E1
5.9400E2,3.0132E1
5.9500E2,3.1269E1
5.9600E2,3.2876E1
5.9700E2,3.1756E1
5.9800E2,3.1868E1
5.9900E2,3.2472E1
6.0000E2,3.0720E1
6.0100E2,3.2872E1
6.0200E2,3.2877E1
6.0300E2,3.1573E1
6.0400E2,3.1022E1
6.0500E2,3.3688E1
6.0600E2,3.4041E1
6.0700E2,3.3096E1
6.0800E2,3.1370E1
6.0900E2,3.2932E1
6.1000E2,3.2651E1
6.1100E2,3.2289E1
6.1200E2,3.2945E1
6.1300E2,3.2282E1
6.1400E2,3.0047E1
6.1500E2,3.2323E1
6.1600E2,3.2638E1
6.1700E2,3.2308E1
6.1800E2,3.1045E1
6.1900E2,3.3314E1
6.2000E2,3.1661E1
6.2100E2,3.4274E1
6.2200E2,2.9683E1
6.2300E2,3.2658E1
6.2400E2,3.4323E1
6.2500E2,3.2333E1
6.2600E2,3.1331E1
6.2700E2,3.1667E1
6.2800E2,3.0022E1
6.2900E2,2.8987E1
6.3000E2,3.0661E1
6.3100E2,2.9051E1
6.3200E2,3.0674E1
6.3300E2,3.1359E1
6.3400E2,3.1295E1
6.3500E2,3.4904E1
6.3600E2,3.4023E1
6.3700E2,3.2590E1
6.3800E2,3.0986E1
6.3900E2,3.3000E1
6.4000E2,3.0397E1
6.4100E2,3.0684E1
6.4200E2,2.7794E1
6.4300E2,3.2019E1
6.4400E2,3.2475E1
6.4500E2,3.5291E1
6.4600E2,3.2134E1
6.4700E2,3.2643E1
6.4800E2,3.2828E1
6.4900E2,2.8179E1
6.5000E2,2.7493E1
6.5100E2,2.7778E1
6.5200E2,2.9144E1
6.5300E2,2.9333E1
6.5400E2,3.1117E1
6.5500E2,3.2712E1
6.5600E2,3.3802E1
6.5700E2,3.3966E1
6.5800E2,3.1631E1
6.5900E2,3.1333E1
6.6000E2,3.3888E1
6.6100E2,3.1551E1
6.6200E2,3.1158E1
6.6300E2,3.1203E1
6.6400E2,3.4333E1
6.6500E2,3.3547E1
6.6600E2,3.4798E1
6.6700E2,3.5090E1
6.6800E2,3.5966E1
6.6900E2,3.6052E1
6.7000E2,3.7045E1
6.7100E2,3.8667E1
6.7200E2,3.8484E1
6.7300E2,3.9615E1
6.7400E2,4.0281E1
6.7500E2,4.0253E1
6.7600E2,4.0762E1
6.7700E2,4.1944E1
6.7800E2,3.9339E1
6.7900E2,3.8967E1
6.8000E2,3.9411E1
6.8100E2,4.1657E1
6.8200E2,3.8971E1
6.8300E2,3.9605E1
6.8400E2,3.8063E1
6.8500E2,3.7795E1
6.8600E2,3.8130E1
6.8700E2,3.7931E1
6.8800E2,3.8266E1
6.8900E2,3.6068E1
6.9000E2,3.5139E1
6.9100E2,3.5441E1
6.9200E2,3.2214E1
6.9300E2,3.4043E1
6.9400E2,3.3519E1
6.9500E2,3.7483E1
6.9600E2,3.7258E1
6.9700E2,3.7333E1
6.9800E2,3.7766E1
6.9900E2,3.7939E1
7.0000E2,3.7760E1
7.0100E2,3.8919E1
7.0200E2,3.9754E1
7.0300E2,4.1001E1
7.0400E2,3.8996E1
7.0500E2,4.1573E1
7.0600E2,3.7617E1
7.0700E2,4.1175E1
7.0800E2,4.0646E1
7.0900E2,4.0373E1
7.1000E2,4.0365E1
7.1100E2,4.0841E1
7.1200E2,4.0460E1
7.1300E2,3.8155E1
7.1400E2,3.7287E1
7.1500E2,3.7853E1
7.1600E2,3.7709E1
7.1700E2,3.9607E1
7.1800E2,3.8972E1
7.1900E2,3.6799E1
7.2000E2,3.6624E1
7.2100E2,3.5693E1
7.2200E2,3.5793E1
7.2300E2,3.8229E1
7.2400E2,3.3455E1
7.2500E2,3.2893E1
7.2600E2,3.0774E1
7.2700E2,3.3993E1
7.2800E2,3.4553E1
7.2900E2,3.4109E1
7.3000E2,3.9221E1
7.3100E2,3.9673E1
7.3200E2,3.5123E1
7.3300E2,3.5691E1
7.3400E2,3.6465E1
7.3500E2,3.7117E1
7.3600E2,3.7355E1
7.3700E2,3.6975E1
7.3800E2,3.8064E1
7.3900E2,3.8153E1
7.4000E2,3.9981E1
7.4100E2,3.9581E1
7.4200E2,3.7333E1
7.4300E2,3.7497E1
7.4400E2,3.5794E1
7.4500E2,3.5128E1
7.4600E2,3.2688E1
7.4700E2,3.1244E1
7.4800E2,3.1465E1
7.4900E2,3.5196E1
7.5000E2,3.3400E1
7.5100E2,3.1145E1
7.5200E2,3.1396E1
7.5300E2,3.3410E1
7.5400E2,3.2355E1
7.5500E2,3.1637E1
7.5600E2,2.8365E1
7.5700E2,2.7474E1
7.5800E2,2.7617E1
7.5900E2,2.9571E1
7.6000E2,3.0523E1
7.6100E2,3.0522E1
7.6200E2,2.6749E1
7.6300E2,2.5853E1
7.6400E2,2.7555E1
7.6500E2,2.7920E1
7.6600E2,2.7634E1
7.6700E2,2.8757E1
7.6800E2,2.9542E1
7.6900E2,3.0464E1
7.7000E2,2.8072E1
7.7100E2,2.8533E1
7.7200E2,2.7980E1
7.7300E2,2.6719E1
7.7400E2,2.6159E1
7.7500E2,2.6493E1
7.7600E2,2.7195E1
7.7700E2,2.8171E1
7.7800E2,2.7021E1
7.7900E2,2.7179E1
7.8000E2,2.6011E1
7.8100E2,2.5166E1
7.8200E2,2.5166E1
7.8300E2,2.6502E1
7.8400E2,2.6006E1
7.8500E2,2.5341E1
7.8600E2,2.5343E1
7.8700E2,2.6543E1
7.8800E2,2.6681E1
7.8900E2,2.5983E1
7.9000E2,2.4685E1
7.9100E2,2.5552E1
7.9200E2,2.5178E1
7.9300E2,2.4513E1
7.9400E2,2.5514E1
7.9500E2,2.5755E1
7.9600E2,2.7214E1
7.9700E2,2.8667E1
7.9800E2,2.7559E1
7.9900E2,2.7780E1
8.0000E2,2.9813E1
8.0100E2,3.0418E1
8.0200E2,2.8466E1
8.0300E2,2.8046E1
8.0400E2,2.8430E1
8.0500E2,2.7960E1
8.0600E2,3.0772E1
8.0700E2,3.2194E1
8.0800E2,3.3529E1
8.0900E2,3.4530E1
8.1000E2,3.1851E1
8.1100E2,3.3270E1
8.1200E2,3.1801E1
8.1300E2,3.6062E1
8.1400E2,3.8597E1
8.1500E2,3.9915E1
8.1600E2,3.5444E1
8.1700E2,3.4538E1
8.1800E2,3.5559E1
8.1900E2,3.6287E1
8.2000E2,3.5416E1
8.2100E2,3.5955E1
8.2200E2,3.5616E1
8.2300E2,3.5211E1
8.2400E2,3.7970E1
8.2500E2,3.5040E1
8.2600E2,3.4881E1
8.2700E2,3.5118E1
8.2800E2,3.5217E1
8.2900E2,3.5218E1
8.3000E2,3.5781E1
8.3100E2,3.6682E1
8.3200E2,3.5896E1
8.3300E2,3.6444E1
8.3400E2,3.6333E1
8.3500E2,3.6109E1
8.3600E2,3.7541E1
8.3700E2,3.8988E1
8.3800E2,3.8471E1
8.3900E2,3.8453E1
8.4000E2,3.6997E1
8.4100E2,4.0387E1
8.4200E2,4.2870E1
8.4300E2,4.1644E1
8.4400E2,3.9564E1
8.4500E2,4.2136E1
8.4600E2,4.1431E1
8.4700E2,4.0324E1
8.4800E2,3.8142E1
8.4900E2,3.8673E1
8.5000E2,3.9107E1
8.5100E2,3.8943E1
8.5200E2,3.9365E1
8.5300E2,3.8180E1
8.5400E2,3.8911E1
8.5500E2,3.9560E1
8.5600E2,3.8232E1
8.5700E2,3.9000E1
8.5800E2,3.8108E1
8.5900E2,3.7420E1
8.6000E2,3.5651E1
8.6100E2,3.5972E1
8.6200E2,3.7380E1
8.6300E2,3.8682E1
8.6400E2,3.7431E1
8.6500E2,3.7411E1
8.6600E2,3.8991E1
8.6700E2,3.8892E1
8.6800E2,3.8259E1
8.6900E2,3.8301E1
8.7000E2,4.0189E1
8.7100E2,4.1546E1
8.7200E2,4.3651E1
8.7300E2,4.2725E1
8.7400E2,4.0537E1
8.7500E2,4.3200E1
8.7600E2,4.2929E1
8.7700E2,4.4204E1
8.7800E2,4.3063E1
8.7900E2,4.3854E1
8.8000E2,4.7720E1
8.8100E2,4.8727E1
8.8200E2,4.5274E1
8.8300E2,4.6376E1
8.8400E2,4.4171E1
8.8500E2,4.5776E1
8.8600E2,4.4561E1
8.8700E2,4.5913E1
8.8800E2,4.1894E1
8.8900E2,3.9644E1
8.9000E2,4.3464E1
8.9100E2,3.9099E1
8.9200E2,3.6430E1
8.9300E2,3.6476E1
8.9400E2,3.5620E1
8.9500E2,3.9651E1
8.9600E2,3.6643E1
8.9700E2,3.5333E1
8.9800E2,3.4709E1
8.9900E2,3.4164E1
9.0000E2,3.5787E1
9.0100E2,3.9294E1
9.0200E2,3.9659E1
9.0300E2,3.9517E1
9.0400E2,3.5548E1
9.0500E2,3.5104E1
9.0600E2,3.5067E1
9.0700E2,3.5967E1
9.0800E2,3.7333E1
9.0900E2,3.6819E1
9.1000E2,3.6539E1
9.1100E2,3.7113E1
9.1200E2,3.7639E1
9.1300E2,3.6614E1
9.1400E2,3.7333E1
9.1500E2,3.8715E1
9.1600E2,4.0000E1
9.1700E2,4.2137E1
9.1800E2,3.7250E1
9.1900E2,3.8627E1
9.2000E2,3.8685E1
9.2100E2,3.8333E1
9.2200E2,3.6017E1
9.2300E2,3.6217E1
9.2400E2,3.4173E1
9.2500E2,3.4093E1
9.2600E2,3.3382E1
9.2700E2,3.7266E1
9.2800E2,3.6616E1
9.2900E2,3.5676E1
9.3000E2,3.5341E1
9.3100E2,3.5951E1
9.3200E2,3.7018E1
9.3300E2,3.7034E1
9.3400E2,3.6655E1
9.3500E2,3.6323E1
9.3600E2,3.6000E1
9.3700E2,3.5668E1
9.3800E2,3.6666E1
9.3900E2,3.7329E1
9.4000E2,3.6336E1
9.4100E2,3.6667E1
9.4200E2,3.6329E1
9.4300E2,3.5994E1
9.4400E2,3.5653E1
9.4500E2,3.5643E1
9.4600E2,3.5009E1
9.4700E2,3.4829E1
9.4800E2,3.5678E1
9.4900E2,3.6939E1
9.5000E2,3.6293E1
9.5100E2,3.7580E1
9.5200E2,3.5349E1
9.5300E2,3.2683E1
9.5400E2,3.3333E1
9.5500E2,3.4981E1
9.5600E2,3.1647E1
9.5700E2,3.0229E1
9.5800E2,2.9934E1
9.5900E2,3.0333E1
9.6000E2,3.0000E1
9.6100E2,2.9075E1
9.6200E2,2.8895E1
9.6300E2,2.5973E1
9.6400E2,2.5943E1
9.6500E2,2.7677E1
9.6600E2,2.5333E1
9.6700E2,2.3761E1
9.6800E2,2.5065E1
9.6900E2,2.5532E1
9.7000E2,2.4403E1
9.7100E2,2.7274E1
9.7200E2,2.5630E1
9.7300E2,2.3553E1
9.7400E2,2.4844E1
9.7500E2,2.7973E1
9.7600E2,2.6374E1
9.7700E2,2.3295E1
9.7800E2,2.4839E1
9.7900E2,2.5622E1
9.8000E2,2.5621E1
9.8100E2,2.5713E1
9.8200E2,2.5953E1
9.8300E2,3.0521E1
9.8400E2,2.9284E1
9.8500E2,3.1333E1
9.8600E2,2.7667E1
9.8700E2,2.7000E1
9.8800E2,2.6667E1
9.8900E2,2.5722E1
9.9000E2,2.6501E1
9.9100E2,2.6724E1
9.9200E2,2.6391E1
9.9300E2,2.5414E1
9.9400E2,2.5028E1
9.9500E2,2.5061E1
9.9600E2,2.5125E1
9.9700E2,2.4603E1
9.9800E2,2.4721E1
9.9900E2,2.6202E1
1.0000E3,2.5067E1
1.0010E3,2.2401E1
1.0020E3,2.2402E1
1.0030E3,2.5000E1
1.0040E3,2.3114E1
1.0050E3,2.2595E1
1.0060E3,2.2854E1
1.0070E3,2.1074E1
1.0080E3,2.0333E1
1.0090E3,2.0153E1
1.0100E3,2.1000E1
1.0110E3,2.1922E1
1.0120E3,2.0746E1
1.0130E3,2.3011E1
1.0140E3,2.2660E1
1.0150E3,2.1829E1
1.0160E3,2.0501E1
1.0170E3,1.9327E1
1.0180E3,2.0980E1
1.0190E3,2.2058E1
1.0200E3,2.1264E1
1.0210E3,2.0555E1
1.0220E3,1.9631E1
1.0230E3,2.1362E1
1.0240E3,2.0390E1
1.0250E3,1.9373E1
1.0260E3,1.7717E1
1.0270E3,1.7238E1
1.0280E3,1.6754E1
1.0290E3,1.9788E1
1.0300E3,2.0333E1
1.0310E3,1.8234E1
1.0320E3,1.6798E1
1.0330E3,1.5463E1
1.0340E3,1.5333E1
1.0350E3,1.4563E1
1.0360E3,1.5580E1
1.0370E3,1.5985E1
1.0380E3,1.5774E1
1.0390E3,1.6108E1
1.0400E3,1.5896E1
1.0410E3,1.8221E1
1.0420E3,1.6778E1
1.0430E3,1.5887E1
1.0440E3,1.5000E1
1.0450E3,1.4677E1
1.0460E3,1.6116E1
1.0470E3,1.5000E1
1.0480E3,1.5842E1
1.0490E3,1.5762E1
1.0500E3,1.5760E1
1.0510E3,1.5607E1
1.0520E3,1.5545E1
1.0530E3,1.8478E1
1.0540E3,1.8700E1
1.0550E3,1.8832E1
1.0560E3,1.7758E1
1.0570E3,1.7510E1
1.0580E3,1.5538E1
1.0590E3,1.5703E1
1.0600E3,1.7072E1
1.0610E3,1.5263E1
1.0620E3,1.4404E1
1.0630E3,1.5934E1
1.0640E3,1.5667E1
1.0650E3,1.4333E1
1.0660E3,1.3118E1
1.0670E3,1.2471E1
1.0680E3,1.1608E1
1.0690E3,1.2545E1
1.0700E3,1.3435E1
1.0710E3,1.4049E1
1.0720E3,9.1856E0
1.0730E3,1.0189E1
1.0740E3,1.0625E1
1.0750E3,1.1440E1
1.0760E3,9.8901E0
1.0770E3,1.2744E1
1.0780E3,1.2183E1
1.0790E3,1.1969E1
1.0800E3,7.2987E0
1.0810E3,6.3605E0
1.0820E3,7.8709E0
1.0830E3,7.1147E0
1.0840E3,7.0939E0
1.0850E3,8.3227E0
1.0860E3,1.0359E1
1.0870E3,1.4652E1
1.0880E3,1.5197E1
1.0890E3,1.4657E1
1.0900E3,1.1187E1
1.0910E3,1.1357E1
1.0920E3,1.1663E1
1.0930E3,1.1831E1
1.0940E3,1.2334E1
1.0950E3,1.2336E1
1.0960E3,1.0841E1
1.0970E3,1.0191E1
1.0980E3,1.0505E1
1.0990E3,1.3989E1
1.1000E3,1.2160E1
1.1010E3,1.2236E1
1.1020E3,1.0316E1
1.1030E3,1.0314E1
1.1040E3,1.1333E1
1.1050E3,1.4131E1
1.1060E3,1.3873E1
1.1070E3,1.2181E1
1.1080E3,1.2697E1
1.1090E3,8.8496E0
1.1100E3,9.1493E0
1.1110E3,9.5920E0
1.1120E3,8.4416E0
1.1130E3,9.5435E0
1.1140E3,8.8549E0
1.1150E3,1.0560E1
1.1160E3,9.0000E0
1.1170E3,7.2768E0
1.1180E3,5.9483E0
1.1190E3,6.8603E0
1.1200E3,6.6667E0
1.1210E3,8.8837E0
1.1220E3,8.8635E0
1.1230E3,9.1355E0
1.1240E3,9.1989E0
1.1250E3,8.1333E0
1.1260E3,6.4709E0
1.1270E3,7.8688E0
1.1280E3,4.6667E0
1.1290E3,3.3547E0
1.1300E3,3.6160E0
1.1310E3,5.7936E0
1.1320E3,7.0443E0
1.1330E3,5.0000E0
1.1340E3,6.6667E0
1.1350E3,7.6133E0
1.1360E3,8.2117E0
1.1370E3,8.1205E0
1.1380E3,9.1445E0
1.1390E3,9.1184E0
1.1400E3,5.6720E0
1.1410E3,5.7365E0
1.1420E3,5.5147E0
1.1430E3,8.4293E0
1.1440E3,9.5301E0
1.1450E3,7.5520E0
1.1460E3,7.4453E0
1.1470E3,6.6667E0
1.1480E3,6.8912E0
1.1490E3,1.0539E1
1.1500E3,1.0480E1
1.1510E3,1.0634E1
1.1520E3,9.6213E0
1.1530E3,7.1723E0
1.1540E3,8.1808E0
1.1550E3,7.7973E0
1.1560E3,7.2656E0
1.1570E3,6.0635E0
1.1580E3,6.1963E0
1.1590E3,5.8608E0
1.1600E3,5.9547E0
1.1610E3,3.9979E0
1.1620E3,5.7088E0
1.1630E3,8.3712E0
1.1640E3,9.0917E0
1.1650E3,8.1200E0
1.1660E3,6.6667E0
1.1670E3,6.5781E0
1.1680E3,7.4043E0
1.1690E3,6.3456E0
1.1700E3,6.0933E0
1.1710E3,5.5019E0
1.1720E3,5.2501E0
1.1730E3,5.9179E0
1.1740E3,3.6576E0
1.1750E3,2.9067E0
1.1760E3,3.2368E0
1.1770E3,1.2117E0
1.1780E3,2.8971E0
1.1790E3,3.8181E0
1.1800E3,3.4080E0
1.1810E3,3.7792E0
1.1820E3,3.7392E0
1.1830E3,4.2619E0
1.1840E3,3.4741E0
1.1850E3,4.1947E0
1.1860E3,2.8032E0
1.1870E3,3.4651E0
1.1880E3,4.1984E0
1.1890E3,3.1301E0
1.1900E3,3.5387E0
1.1910E3,3.6037E0
1.1920E3,3.4571E0
1.1930E3,3.0315E0
1.1940E3,5.4528E0
1.1950E3,5.8240E0
1.1960E3,5.0331E0
1.1970E3,5.1579E0
1.1980E3,5.3899E0
1.1990E3,5.8368E0
1.2000E3,6.0000E0
1.2010E3,2.6667E0
1.2020E3,6.9749E0
1.2030E3,4.4011E0
1.2040E3,5.8139E0
1.2050E3,5.4293E0
1.2060E3,6.4741E0
1.2070E3,2.6421E0
1.2080E3,5.3333E0
1.2090E3,3.7269E0
1.2100E3,4.0080E0
1.2110E3,4.2080E0
1.2120E3,7.1712E0
1.2130E3,6.6667E0
1.2140E3,3.3333E0
1.2150E3,4.1067E-1
1.2160E3,3.8843E0
1.2170E3,2.9835E0
1.2180E3,3.8715E0
1.2190E3,2.4656E0
1.2200E3,3.3973E0
1.2210E3,3.6667E0
1.2220E3,2.4528E0
1.2230E3,3.1680E-1
1.2240E3,4.4443E0
1.2250E3,3.3600E0
1.2260E3,3.7179E0
1.2270E3,1.0000E0
1.2280E3,3.0939E0
1.2290E3,3.5995E0
1.2300E3,3.6667E0
1.2310E3,0.0000E0
1.2320E3,3.6859E0
1.2330E3,3.4672E0
1.2340E3,3.4960E0
1.2350E3,3.5067E0
1.2360E3,2.2400E-1
1.2370E3,3.3333E-1
1.2380E3,3.2053E0
1.2390E3,3.6667E0
1.2400E3,3.6880E0
1.2410E3,4.2949E0
1.2420E3,4.7840E-1
1.2430E3,1.1120E0
1.2440E3,4.0373E-1
1.2450E3,2.6667E0
1.2460E3,3.9616E0
1.2470E3,3.6667E0
1.2480E3,0.0000E0
1.2490E3,3.4080E-1
1.2500E3,0.0000E0
