pixel,grigio
0,0.8279
1,0.9757
2,1.1596
3,1.2379
4,1.0164
5,0.9577
6,0.8451
7,0.8670
8,0.8185
9,0.7848
10,0.7097
11,1.0078
12,0.8529
13,1.0133
14,1.0563
15,1.3568
16,1.0023
17,1.0188
18,0.7801
19,1.1385
20,1.1972
21,1.5039
22,1.1009
23,1.3513
24,1.2340
25,1.8474
26,1.7754
27,2.1698
28,1.9710
29,2.0376
30,1.6917
31,2.1800
32,2.2034
33,2.3889
34,1.9061
35,2.3552
36,2.1635
37,2.7441
38,2.5415
39,2.7027
40,2.5188
41,2.6620
42,2.3036
43,2.6541
44,2.5430
45,2.6800
46,2.2371
47,2.8005
48,2.5391
49,3.1189
50,2.8482
51,3.1103
52,2.4546
53,2.6487
54,2.1808
55,2.8826
56,2.7731
57,3.2778
58,2.8185
59,3.3545
60,2.9859
61,3.3498
62,2.8521
63,3.5172
64,3.3208
65,4.0649
66,3.9413
67,4.2433
68,3.6252
69,4.0923
70,3.7332
71,3.9601
72,3.7825
73,4.5579
74,4.8412
75,5.1604
76,4.6189
77,5.1894
78,4.8161
79,5.4797
80,5.3482
81,5.8975
82,5.5994
83,5.8208
84,5.3787
85,5.6651
86,5.5110
87,5.7793
88,5.8427
89,5.9421
90,5.9617
91,6.1080
92,5.6737
93,6.0892
94,5.7520
95,6.0994
96,5.7160
97,6.0892
98,5.7293
99,6.0485
100,5.6526
101,6.1064
102,5.7934
103,5.9218
104,5.5869
105,5.8959
106,5.4859
107,5.7316
108,5.2817
109,5.5172
110,5.4014
111,5.4053
112,5.2919
113,5.3169
114,4.8427
115,5.3028
116,4.8122
117,5.1894
118,4.9570
119,5.4178
120,5.2488
121,5.5039
122,4.8052
123,4.9358
124,4.4257
125,5.0728
126,4.8678
127,4.8036
128,4.1455
129,4.6894
130,4.1604
131,4.3670
132,3.7387
133,4.2175
134,3.5579
135,3.7715
136,3.1698
137,3.5728
138,3.2551
139,3.4914
140,2.6213
141,3.0243
142,2.7480
143,3.2058
144,2.5829
145,2.9601
146,2.2825
147,2.4601
148,2.0344
149,2.2347
150,1.7613
151,1.7480
152,1.3521
153,1.6111
154,1.3850
155,1.5743
156,1.3341
157,1.4241
158,1.1839
159,1.2285
160,1.0454
161,1.3912
162,1.3427
163,1.3232
164,1.0117
165,1.2254
166,0.9812
167,0.9883
168,0.9014
169,1.0454
170,0.8482
171,0.7402
172,0.7379
173,0.7934
174,0.7825
175,0.8646
176,0.9311
177,1.0203
178,0.8482
179,0.8106
180,0.7856
181,0.9687
182,0.8443
183,0.8717
184,0.7746
185,1.0282
186,0.9804
187,1.0587
188,0.8013
189,1.0955
190,1.1886
191,1.5501
192,1.3779
193,1.3756
194,1.1401
195,1.5266
196,1.4961
197,1.8357
198,1.7613
199,2.1440
200,1.9742
201,2.4006
202,2.2222
203,2.7574
204,2.6064
205,2.8474
206,2.5376
207,3.0376
208,3.1291
209,3.7973
210,3.5876
211,4.0156
212,3.9022
213,4.3036
214,4.0931
215,4.9390
216,4.6424
217,5.1095
218,4.8764
219,5.2848
220,5.1236
221,5.6987
222,5.3545
223,5.9194
224,5.8599
225,6.4257
226,6.2966
227,6.5016
228,6.1854
229,6.7770
230,6.6808
231,7.0743
232,6.8020
233,7.0923
234,7.0587
235,7.5391
236,7.3897
237,7.7089
238,7.4241
239,7.8951
240,7.8740
241,8.1221
242,7.9734
243,8.4225
244,8.3693
245,8.6377
246,8.5000
247,8.8341
248,8.7778
249,9.1972
250,8.9867
251,9.2645
252,9.3732
253,9.5031
254,9.2801
255,9.2786
256,9.1698
257,9.2535
258,9.0391
259,9.2653
260,9.2050
261,9.5016
262,9.6925
263,9.7864
264,9.7019
265,9.9726
266,10.0196
267,9.9413
268,9.6917
269,9.7895
270,9.9804
271,10.0000
272,9.7567
273,9.7731
274,9.7410
275,9.9061
276,9.7371
277,9.6573
278,9.4366
279,9.6158
280,9.6604
281,9.6972
282,9.5642
283,9.5509
284,9.2449
285,9.2621
286,9.1909
287,9.5211
288,9.3975
289,9.3091
290,8.9648
291,9.1213
292,9.0383
293,9.1557
294,8.8372
295,9.0485
296,8.5180
297,8.7277
298,8.4139
299,8.3380
300,7.8592
301,7.8951
302,7.6236
303,7.8443
304,7.5978
305,7.7042
306,7.4499
307,7.7340
308,7.3490
309,7.4523
310,6.9421
311,7.0110
312,6.6416
313,6.8513
314,6.4272
315,6.3834
316,5.7997
317,5.8701
318,5.4116
319,5.4742
320,4.8318
321,5.0837
322,4.6338
323,4.9742
324,4.6041
325,4.8419
326,4.2676
327,4.4914
328,3.9577
329,4.0125
330,3.1792
331,3.6651
332,3.4867
333,3.5947
334,3.1009
335,3.2731
336,2.8443
337,2.7958
338,2.1448
339,2.2880
340,2.1072
341,2.4554
342,1.9922
343,2.2809
344,1.9624
345,2.0751
346,1.6213
347,1.9710
348,1.6385
349,1.8427
350,1.5266
351,1.7848
352,1.5516
353,1.9022
354,1.8028
355,2.2019
356,2.0250
357,2.5117
358,2.5595
359,2.9656
360,2.6158
361,3.1268
362,2.8599
363,3.3631
364,3.2261
365,3.6166
366,3.3114
367,4.0336
368,3.8811
369,4.3114
370,4.1088
371,5.0493
372,5.1002
373,5.6158
374,5.4703
375,5.9296
376,5.7942
377,6.4022
378,6.4844
379,7.1252
380,6.8365
381,7.4421
382,7.7410
383,8.1565
384,8.2731
385,8.8756
386,8.9116
387,9.3505
388,9.2606
389,9.8466
390,9.9249
391,10.3427
392,10.3959
393,10.7981
394,10.9789
395,11.5673
396,11.8138
397,12.1995
398,12.1416
399,12.4147
400,12.6377
401,13.0665
402,13.4554
403,13.6182
404,13.7801
405,14.0078
406,14.1948
407,14.6588
408,15.1502
409,15.7207
410,15.6980
411,15.9335
412,16.0172
413,16.0063
414,16.2645
415,16.4890
416,16.8912
417,17.1236
418,17.2582
419,17.5837
420,17.8349
421,17.9867
422,18.0829
423,18.0415
424,18.4491
425,18.6878
426,18.9570
427,19.0720
428,19.3951
429,19.4742
430,19.6987
431,19.6941
432,19.9390
433,20.0962
434,20.1479
435,20.2692
436,20.4304
437,20.5915
438,20.6127
439,20.5188
440,20.4632
441,20.6581
442,20.9210
443,21.0149
444,21.3435
445,21.3998
446,21.5861
447,21.6416
448,21.7848
449,21.7214
450,21.6964
451,21.5798
452,21.6776
453,21.6354
454,21.7152
455,21.4147
456,21.2011
457,20.9264
458,21.0900
459,21.0563
460,21.2700
461,21.1487
462,21.1346
463,21.0203
464,20.8435
465,20.7066
466,20.7066
467,20.7042
468,20.6933
469,20.5532
470,20.4859
471,20.4147
472,20.3114
473,20.3529
474,20.4531
475,20.4108
476,20.5250
477,20.4797
478,20.1995
479,19.9640
480,19.8685
481,19.8850
482,19.9562
483,19.8967
484,19.6667
485,19.4930
486,19.2512
487,19.1549
488,18.8756
489,18.9280
490,18.9249
491,18.7105
492,18.6643
493,18.3975
494,17.9789
495,17.6017
496,17.5290
497,17.2606
498,17.2426
499,17.1761
500,17.2653
501,16.8419
502,16.7113
503,16.4718
504,16.4710
505,16.2199
506,16.0415
507,15.6322
508,15.5579
509,15.0970
510,14.8858
511,14.8130
512,15.0102
513,14.7089
514,14.5814
515,14.4280
516,14.1189
517,13.9851
518,13.9014
519,13.8067
520,13.6244
521,13.8975
522,13.8803
523,13.8693
524,13.6917
525,13.5000
526,13.4640
527,13.6972
528,13.8333
529,14.0070
530,14.1268
531,14.3161
532,14.5775
533,14.6620
534,14.7903
535,15.0923
536,15.4053
537,15.8279
538,16.0587
539,16.1776
540,16.4366
541,16.3200
542,16.5962
543,16.6933
544,17.3905
545,17.6776
546,18.2387
547,18.6541
548,19.2418
549,19.7887
550,20.3224
551,21.0712
552,21.5274
553,21.8161
554,22.3764
555,22.7050
556,23.3983
557,23.7269
558,24.3701
559,24.6948
560,25.4922
561,25.8091
562,26.5790
563,27.2097
564,27.8991
565,28.4382
566,28.9546
567,29.6283
568,30.3106
569,30.7817
570,31.4687
571,31.6557
572,32.4311
573,33.0258
574,33.9358
575,34.3873
576,34.9640
577,35.2606
578,35.8818
579,36.5297
580,37.4100
581,38.0595
582,38.7387
583,39.0556
584,39.7426
585,40.3161
586,41.2715
587,42.1408
588,42.7997
589,43.3451
590,44.0250
591,44.6385
592,45.3701
593,45.6761
594,46.4343
595,47.1956
596,47.9687
597,48.6275
598,49.1393
599,49.5023
600,50.1878
601,50.6080
602,51.4124
603,51.6275
604,52.4319
605,53.0939
606,53.7496
607,54.3490
608,54.6737
609,55.3764
610,56.1088
611,56.6064
612,57.1369
613,57.7433
614,58.1745
615,58.6800
616,59.5869
617,60.2340
618,61.0532
619,61.6573
620,62.0751
621,62.2887
622,63.0728
623,63.9523
624,64.5297
625,64.8779
626,65.2684
627,65.3951
628,66.1307
629,67.0149
630,67.7480
631,68.0313
632,68.5446
633,68.8975
634,69.4390
635,69.6995
636,70.2872
637,70.8803
638,71.3756
639,71.7058
640,72.2520
641,72.6690
642,72.9961
643,73.4053
644,73.9069
645,74.6174
646,75.0070
647,75.1761
648,75.4898
649,76.0579
650,76.3028
651,76.4538
652,76.7473
653,77.3365
654,77.6424
655,77.9171
656,78.0720
657,78.0900
658,78.5352
659,79.1205
660,79.2089
661,78.9210
662,79.0571
663,79.1745
664,79.3725
665,79.4617
666,79.3975
667,79.3333
668,79.5164
669,79.4515
670,79.7872
671,79.9765
672,80.1228
673,80.1049
674,80.1941
675,80.3216
676,80.2895
677,80.3005
678,80.5665
679,80.5188
680,80.7449
681,80.7903
682,80.8607
683,81.0329
684,80.7895
685,80.6761
686,80.6612
687,80.6768
688,80.7856
689,80.8451
690,80.8717
691,80.9382
692,80.9695
693,80.9084
694,80.9139
695,81.0211
696,81.1361
697,81.1166
698,80.9617
699,81.1111
700,80.9343
701,81.0618
702,81.1972
703,81.0070
704,80.8842
705,80.6377
706,80.6839
707,81.0798
708,81.3224
709,81.1393
710,81.0947
711,81.0274
712,80.9108
713,80.8599
714,81.0250
715,81.2394
716,81.1526
717,81.2081
718,81.0806
719,80.8928
720,80.6761
721,80.7207
722,80.5086
723,80.3075
724,80.6009
725,80.7011
726,80.8443
727,80.4984
728,80.2535
729,79.9844
730,79.9789
731,79.8803
732,79.7567
733,79.7222
734,79.6909
735,79.3138
736,79.3271
737,79.1385
738,79.1706
739,78.9820
740,78.7613
741,78.7191
742,78.3537
743,78.0376
744,77.8584
745,77.6847
746,77.4194
747,77.2856
748,76.9906
749,76.5446
750,76.0908
751,75.6706
752,75.5313
753,75.1260
754,74.8498
755,74.3818
756,74.1761
757,73.6338
758,73.1878
759,72.6565
760,72.4797
761,71.9562
762,71.4484
763,70.6401
764,70.3247
765,69.9233
766,69.5063
767,68.5743
768,68.1471
769,67.5782
770,67.4930
771,66.7559
772,66.7316
773,66.0595
774,65.8349
775,65.3873
776,64.6682
777,63.6878
778,63.1377
779,62.2457
780,61.9421
781,61.4875
782,61.3294
783,60.4264
784,59.6933
785,58.8052
786,58.4491
787,57.6925
788,57.3239
789,56.9859
790,56.5266
791,55.5798
792,54.9186
793,53.9671
794,53.5900
795,52.8693
796,52.6862
797,52.1009
798,51.5407
799,50.5736
800,49.9977
801,49.1823
802,48.8200
803,47.9718
804,47.5822
805,46.8615
806,46.3873
807,45.5008
808,44.9085
809,44.0767
810,43.6886
811,42.9131
812,42.5008
813,41.6448
814,41.3889
815,40.7371
816,40.2144
817,39.3967
818,38.8615
819,38.0516
820,37.5790
821,36.7034
822,36.2034
823,35.2692
824,34.8818
825,34.0344
826,33.6972
827,32.9257
828,32.4585
829,31.4742
830,30.9413
831,30.3983
832,30.1150
833,29.5047
834,28.9890
835,28.0563
836,27.3670
837,26.5117
838,26.5962
839,26.0915
840,25.7856
841,24.7222
842,24.3020
843,23.5227
844,23.1448
845,22.6925
846,22.5141
847,21.7637
848,21.2214
849,20.5266
850,20.2113
851,19.7355
852,19.6706
853,19.0587
854,18.9249
855,18.5775
856,18.2379
857,17.6189
858,17.4382
859,17.1495
860,16.8638
861,16.0649
862,15.6737
863,15.5642
864,15.5454
865,15.2167
866,15.3200
867,15.0305
868,14.9257
869,14.6510
870,14.6463
871,14.4382
872,14.5712
873,14.2496
874,14.2347
875,13.9491
876,14.2504
877,14.3889
878,14.6236
879,14.7324
880,14.5970
881,14.5970
882,14.7707
883,15.0297
884,15.1495
885,15.1448
886,15.1557
887,15.2050
888,15.4085
889,15.4327
890,15.6886
891,15.8701
892,16.2848
893,16.5336
894,16.7754
895,16.4898
896,16.6432
897,17.0516
898,17.6549
899,17.6072
900,17.6714
901,17.5736
902,18.0282
903,18.3795
904,18.8717
905,18.7895
906,18.8028
907,18.9953
908,19.4131
909,19.4742
910,19.6721
911,19.6925
912,19.8811
913,19.7520
914,19.9953
915,20.2089
916,20.6377
917,20.5790
918,20.7308
919,20.8607
920,21.1362
921,21.2324
922,21.4343
923,21.2520
924,21.4257
925,21.1150
926,21.5211
927,21.4390
928,21.8365
929,21.7989
930,21.9288
931,21.8576
932,22.1252
933,21.9718
934,22.2034
935,22.0869
936,22.1471
937,22.1025
938,22.6111
939,22.3756
940,22.3764
941,22.3975
942,22.6588
943,22.5501
944,22.4828
945,22.3842
946,22.3709
947,22.2692
948,22.3951
949,21.9538
950,22.0556
951,21.7300
952,22.1682
953,21.8905
954,22.1839
955,21.7786
956,21.8701
957,21.4538
958,21.3396
959,21.3412
960,21.6002
961,21.1291
962,21.2520
963,21.1870
964,21.1682
965,20.8451
966,20.5876
967,20.3271
968,20.3122
969,19.9789
970,20.0704
971,20.0250
972,19.9656
973,19.4703
974,19.3412
975,19.0884
976,19.1792
977,19.0070
978,18.7778
979,18.3584
980,18.1502
981,17.7207
982,17.7246
983,17.5149
984,17.4718
985,17.1878
986,16.9437
987,16.5986
988,16.5430
989,16.1831
990,16.0634
991,15.6839
992,15.3232
993,14.7825
994,14.6800
995,14.0743
996,14.0782
997,13.8725
998,13.9139
999,13.5282
1000,13.2347
1001,12.9531
1002,12.8067
1003,12.1338
1004,11.7793
1005,11.6111
1006,11.7332
1007,11.5219
1008,11.0305
1009,10.5102
1010,10.0767
1011,9.8138
1012,9.6894
1013,9.4937
1014,9.2770
1015,8.8177
1016,8.3028
1017,8.2934
1018,8.0618
1019,7.9961
1020,7.3912
1021,7.1714
1022,6.5837
1023,6.4397
1024,6.1017
1025,5.9077
1026,5.5673
1027,5.5712
1028,5.1808
1029,5.1095
1030,4.7582
1031,4.7559
1032,4.2989
1033,4.7160
1034,4.0196
1035,4.0477
1036,3.5055
1037,3.5149
1038,3.1002
1039,3.3255
1040,2.8521
1041,3.2355
1042,3.0344
1043,3.1588
1044,2.5423
1045,2.7895
1046,2.4984
1047,2.6526
1048,1.9178
1049,2.5297
1050,2.1064
1051,2.5720
1052,2.1635
1053,2.5501
1054,2.2324
1055,2.6784
1056,2.4726
1057,2.5994
1058,2.0438
1059,3.0039
1060,3.1088
1061,3.5587
1062,3.1987
1063,3.6236
1064,3.2394
1065,3.4116
1066,3.1588
1067,3.6549
1068,3.6338
1069,4.1307
1070,3.8529
1071,4.4077
1072,4.2723
1073,4.9241
1074,4.7199
1075,5.3490
1076,5.2074
1077,5.2872
1078,4.9859
1079,5.4249
1080,5.1557
1081,6.0031
1082,6.0915
1083,6.2496
1084,5.7606
1085,6.0884
1086,6.3537
1087,6.7973
1088,6.9460
1089,7.1941
1090,7.0485
1091,7.2097
1092,7.4280
1093,7.7934
1094,7.9186
1095,7.8803
1096,7.7097
1097,8.0626
1098,8.0368
1099,8.0376
1100,7.8513
1101,8.1620
1102,8.0978
1103,8.6182
1104,8.7363
1105,8.7520
1106,8.6244
1107,8.6401
1108,8.6549
1109,8.8279
1110,9.0438
1111,9.3654
1112,9.6674
1113,9.8357
1114,9.8138
1115,9.8834
1116,9.7394
1117,10.0728
1118,10.0587
1119,10.2207
1120,10.2473
1121,10.3905
1122,10.1495
1123,10.1174
1124,10.1291
1125,10.3177
1126,10.2606
1127,10.0524
1128,10.0829
1129,10.2660
1130,10.1745
1131,10.4390
1132,10.2973
1133,10.1377
1134,9.8638
1135,9.6698
1136,9.7308
1137,9.7230
1138,9.5227
1139,9.6401
1140,9.8592
1141,9.7973
1142,9.5556
1143,9.5790
1144,9.4358
1145,9.5313
1146,9.4194
1147,9.4984
1148,9.4155
1149,9.4546
1150,9.2739
1151,9.0790
1152,8.7684
1153,8.5172
1154,8.0196
1155,8.3200
1156,8.5313
1157,8.3818
1158,8.2426
1159,8.0970
1160,7.7590
1161,7.7629
1162,7.8271
1163,7.7692
1164,7.7089
1165,7.6980
1166,7.5728
1167,7.3513
1168,6.8944
1169,6.8772
1170,6.5282
1171,6.6628
1172,6.3459
1173,6.3638
1174,5.8333
1175,5.8286
1176,5.5994
1177,6.1127
1178,5.7144
1179,5.7340
1180,5.1408
1181,5.3592
1182,5.3537
1183,5.0908
1184,4.1440
1185,4.2848
1186,3.8599
1187,4.3059
1188,3.8991
1189,3.9562
1190,3.3529
1191,3.7433
1192,3.4171
1193,3.4914
1194,2.8818
1195,3.1236
1196,2.8944
1197,3.2183
1198,2.7003
1199,2.9851
1200,2.7324
1201,2.7911
1202,2.2379
1203,2.1166
1204,1.7668
1205,2.2285
1206,2.0657
1207,2.1424
1208,1.8005
1209,1.9757
1210,1.7183
1211,1.6009
1212,1.0336
1213,1.1635
1214,1.0117
1215,1.4202
1216,1.4304
1217,1.4969
1218,0.9609
1219,1.0469
1220,0.8310
1221,1.1017
1222,0.9671
1223,1.2105
1224,0.9797
1225,1.2629
1226,1.2942
1227,1.5673
1228,1.2590
1229,1.4984
1230,1.4405
1231,1.4609
1232,1.1972
1233,1.5164
1234,1.4131
1235,1.4100
1236,1.3584
1237,1.5845
1238,1.2895
1239,1.3490
1240,1.2496
1241,1.4781
1242,1.3638
1243,1.8920
1244,1.5743
1245,1.7707
1246,1.4836
1247,1.8865
1248,1.9632
1249,2.1502
1250,1.7778
1251,2.1909
1252,2.0978
1253,2.6260
1254,2.6690
1255,2.9405
1256,2.6228
1257,3.0438
1258,2.6909
1259,2.8552
1260,2.8294
1261,3.2551
1262,3.1854
1263,3.4617
1264,3.3349
1265,3.7105
1266,3.3153
1267,3.8059
1268,3.5282
1269,4.1792
1270,4.0790
1271,4.4280
1272,3.9147
1273,4.5743
1274,4.1870
1275,4.5391
1276,4.3310
1277,4.8983
1278,4.5603
1279,5.0986
1280,4.8232
1281,5.0806
1282,4.6487
1283,5.2762
1284,4.9531
1285,5.3865
1286,4.9218
1287,5.2363
1288,4.9593
1289,5.3623
1290,5.1142
1291,5.5376
1292,4.9664
1293,5.4601
1294,5.2660
1295,5.6275
1296,5.4750
1297,5.6964
1298,5.4507
1299,5.8818
1300,5.6377
1301,5.7637
1302,5.4202
1303,5.9491
1304,5.7246
1305,5.7903
1306,5.2958
1307,5.3341
1308,5.3748
1309,5.8067
1310,5.6628
1311,5.8936
1312,5.3153
1313,5.6346
1314,5.3052
1315,5.5884
1316,5.2668
1317,5.7214
1318,5.5211
1319,5.4922
1320,5.1651
1321,5.2981
1322,4.9977
1323,5.4773
1324,5.1158
1325,5.4374
1326,5.1064
1327,5.2559
1328,4.7254
1329,4.9038
1330,4.5587
1331,4.7480
1332,4.7003
1333,5.5203
1334,4.9710
1335,4.7316
1336,4.1455
1337,4.5133
1338,4.0931
1339,4.6338
1340,3.9225
1341,4.4640
1342,3.9006
1343,3.9092
1344,3.5876
1345,3.8310
1346,3.3537
1347,3.7293
1348,3.3326
1349,3.6886
1350,3.2308
1351,3.4890
1352,3.0235
1353,3.0626
1354,2.7872
1355,3.2715
1356,2.7989
1357,3.0822
1358,2.8161
1359,2.9898
1360,2.2942
1361,2.7762
1362,2.5063
1363,2.5649
1364,2.1158
1365,2.5399
1366,2.3670
1367,2.4632
